<personnes>
    <personne>
        <Age>10</Age>
        <Name>diattara</Name>
    </personne>

    <personne>
        <Age>24</Age>
        <Name>sow</Name>
    </personne>

    <personne>
        <Age>10</Age>
        <Name>sarr</Name>
    </personne>

    <personne>
        <Age>10</Age>
        <Name>diop</Name>
    </personne>

    <personne>
        <Age>28</Age>
        <Name>diattara</Name>
    </personne>

    <personne>
        <Age>10</Age>
        <Name>gaye</Name>
    </personne>

    <personne>
        <Age>15</Age>
        <Name>samb</Name>
    </personne>

    <personne>
        <Age>12</Age>
        <Name>fall</Name>
    </personne>

</personnes>
